Time [s],Packet ID,MOSI,MISO
0.006261625000000,0,0x29,0x12
0.007617250000000,0,0xDE,0x03
