Time [s],Packet ID,MOSI,MISO
0.185529916666667,0,0x12,0x29
0.186919458333333,0,0x5E,0x03
