Time [s],Packet ID,MOSI,MISO
4.976401125000000,,0x00,0x29
6.784932250000000,,0x12,0x29
6.786314541666667,,0x1D,0x02
9.439857833333333,,0x00,0x00
