Time [s],Packet ID,MOSI,MISO
0.182594750000000,0,0x29,0x12
0.183960416666667,0,0x5E,0x03
2.151066000000000,0,0x00,0x00
2.152430625000000,0,0xEF,0x00
