name,type,start_time,duration,"mosi","miso"
"SPI SO","result",0.18259475,0.000915625,0x00,0x89
"SPI SI","result",0.18259475,0.000915625,0x29,0x00
"SPI SO","result",0.183960417,0.000915666667,0x00,0x03
"SPI SI","result",0.183960417,0.000915666667,0x5E,0x00
"SPI SO","result",2.151066,0.000915625,0x00,0x80
"SPI SI","result",2.151066,0.000915625,0x00,0x00
"SPI SO","result",2.15243063,0.000915583333,0x00,0x00
"SPI SI","result",2.15243063,0.000915583333,0xEF,0x00
